status,prev_page,prev_link_url,url,prev_origin,prev_href,prev_link_text
404,,,https://www.fedex.com/us/fedex/shippingservices/package/ground.html,n/a,,
404,,,https://bellalash.com/academy/classic_overview/tel:2084064333,n/a,,
404,,,https://bellalash.com/academy/classic_overview/tel:3303540727,n/a,,
404,,,https://bellalash.com/academy/classic_overview/tel:3103835953,n/a,,
404,,,https://bellalash.com/academy/classic_overview/tel:4055329461,n/a,,
404,,,https://bellalash.com/academy/classic_overview/tel:7406495992,n/a,,
404,,,https://bellalash.com/academy/classic_overview/tel:3039814485,n/a,,
404,,,https://bellalash.com/academy/classic_overview/tel:8554235525,n/a,,
404,,,https://bellalash.com/academy/classic_overview/tel:6085729933,n/a,,
404,,,https://bellalash.com/academy/classic_overview/tel:5154468043,n/a,,
404,,,https://bellalash.com/academy/classic_overview/tel:4016168083,n/a,,
404,,,https://bellalash.com/academy/classic_overview/tel:8015906015,n/a,,
404,,,https://bellalash.com/academy/classic_overview/tel:8647072260,n/a,,
404,,,https://bellalash.com/academy/classic_overview/tel:3867952912,n/a,,
404,,,https://bellalash.com/academy/classic_overview/tel:7074841303,n/a,,
404,,,https://bellalash.com/academy/classic_overview/tel:8609782884,n/a,,
404,,,https://bellalash.com/academy/classic_overview/tel:3065222087,n/a,,
404,,,https://bellalash.com/academy/classic_overview/tel:4352256057,n/a,,
404,,,https://bellalash.com/academy/classic_overview/tel:8456236339,n/a,,
404,,,https://bellalash.com/academy/classic_overview/tel:7575758775,n/a,,
404,,,https://bellalash.com/academy/volume_overview/tel:2084064333,n/a,,
404,,,https://bellalash.com/academy/volume_overview/tel:3303540727,n/a,,
404,,,https://bellalash.com/academy/volume_overview/tel:3103835953,n/a,,
404,,,https://bellalash.com/academy/volume_overview/tel:4055329461,n/a,,
404,,,https://bellalash.com/academy/volume_overview/tel:7406495992,n/a,,
404,,,https://bellalash.com/academy/volume_overview/tel:3039814485,n/a,,
404,,,https://bellalash.com/academy/volume_overview/tel:8554235525,n/a,,
404,,,https://bellalash.com/academy/volume_overview/tel:6085729933,n/a,,
404,,,https://bellalash.com/academy/volume_overview/tel:5154468043,n/a,,
404,,,https://bellalash.com/academy/volume_overview/tel:4016168083,n/a,,
404,,,https://bellalash.com/academy/volume_overview/tel:8015906015,n/a,,
404,,,https://bellalash.com/academy/volume_overview/tel:8647072260,n/a,,
404,,,https://bellalash.com/academy/volume_overview/tel:3867952912,n/a,,
404,,,https://bellalash.com/academy/volume_overview/tel:7074841303,n/a,,
404,,,https://bellalash.com/academy/volume_overview/tel:8609782884,n/a,,
404,,,https://bellalash.com/academy/volume_overview/tel:3065222087,n/a,,
404,,,https://bellalash.com/academy/volume_overview/tel:4352256057,n/a,,
404,,,https://bellalash.com/academy/volume_overview/tel:8456236339,n/a,,
404,,,https://bellalash.com/academy/volume_overview/tel:7575758775,n/a,,
404,,,https://bellalash.com/products/product_info/lash-bundle/,n/a,,
